{
  "Ansi 6 Color" : {
    "Red Component" : 0.21275430917739868,
    "Color Space" : "Calibrated",
    "Blue Component" : 0.60199981927871704,
    "Alpha Component" : 1,
    "Green Component" : 0.43591821193695068
  },
  "Tags" : [

  ],
  "Ansi 12 Color" : {
    "Red Component" : 0.096722081303596497,
    "Color Space" : "Calibrated",
    "Blue Component" : 0.99363213777542114,
    "Alpha Component" : 1,
    "Green Component" : 0.62527108192443848
  },
  "Ansi 4 Color" : {
    "Red Component" : 0.15840379893779755,
    "Color Space" : "Calibrated",
    "Blue Component" : 0.99837815761566162,
    "Alpha Component" : 1,
    "Green Component" : 0.35632449388504028
  },
  "Normal Font" : "Monaco 12",
  "Bold Color" : {
    "Red Component" : 1,
    "Color Space" : "Calibrated",
    "Blue Component" : 1,
    "Alpha Component" : 1,
    "Green Component" : 1
  },
  "Ansi 5 Color" : {
    "Red Component" : 0.55056416988372803,
    "Color Space" : "Calibrated",
    "Blue Component" : 0.99375247955322266,
    "Alpha Component" : 1,
    "Green Component" : 0.38462105393409729
  },
  "Use Non-ASCII Font" : false,
  "Ansi 2 Color" : {
    "Red Component" : 0.13725490868091583,
    "Color Space" : "Calibrated",
    "Blue Component" : 0.29019609093666077,
    "Alpha Component" : 1,
    "Green Component" : 0.59215688705444336
  },
  "Rows" : 25,
  "Default Bookmark" : "No",
  "Cursor Guide Color" : {
    "Red Component" : 0.64999997615814209,
    "Color Space" : "Calibrated",
    "Blue Component" : 1,
    "Alpha Component" : 0.25,
    "Green Component" : 0.9100000262260437
  },
  "Non-ASCII Anti Aliased" : true,
  "Use Bright Bold" : true,
  "Ansi 10 Color" : {
    "Red Component" : 0.21599765121936798,
    "Color Space" : "Calibrated",
    "Blue Component" : 0.34531891345977783,
    "Alpha Component" : 1,
    "Green Component" : 0.74069321155548096
  },
  "Ambiguous Double Width" : false,
  "Jobs to Ignore" : [
    "rlogin",
    "ssh",
    "slogin",
    "telnet"
  ],
  "Show Status Bar" : true,
  "Ansi 15 Color" : {
    "Red Component" : 0.99985432624816895,
    "Color Space" : "Calibrated",
    "Blue Component" : 0.99984133243560791,
    "Alpha Component" : 1,
    "Green Component" : 0.9998244047164917
  },
  "Foreground Color" : {
    "Red Component" : 0.67058825492858887,
    "Color Space" : "Calibrated",
    "Blue Component" : 0.74901962280273438,
    "Alpha Component" : 1,
    "Green Component" : 0.69803923368453979
  },
  "Working Directory" : "\/Users\/praphan.k",
  "Blinking Cursor" : false,
  "Disable Window Resizing" : true,
  "Sync Title" : false,
  "Prompt Before Closing 2" : false,
  "BM Growl" : true,
  "Command" : "",
  "Description" : "Default",
  "Mouse Reporting" : true,
  "Screen" : -1,
  "Selection Color" : {
    "Red Component" : 0.18584296107292175,
    "Color Space" : "Calibrated",
    "Blue Component" : 0.25302234292030334,
    "Alpha Component" : 1,
    "Green Component" : 0.2037905752658844
  },
  "Columns" : 80,
  "Idle Code" : 0,
  "Ansi 13 Color" : {
    "Red Component" : 0.98769462108612061,
    "Color Space" : "Calibrated",
    "Blue Component" : 0.96484041213989258,
    "Alpha Component" : 1,
    "Green Component" : 0.34317779541015625
  },
  "Custom Command" : "No",
  "ASCII Anti Aliased" : true,
  "Non Ascii Font" : "Monaco 12",
  "Vertical Spacing" : 1,
  "Use Bold Font" : true,
  "Option Key Sends" : 0,
  "Selected Text Color" : {
    "Red Component" : 0.66978925466537476,
    "Color Space" : "Calibrated",
    "Blue Component" : 0.75075572729110718,
    "Alpha Component" : 1,
    "Green Component" : 0.69948333501815796
  },
  "Background Color" : {
    "Red Component" : 0.11784578859806061,
    "Color Space" : "Calibrated",
    "Blue Component" : 0.15356595814228058,
    "Alpha Component" : 1,
    "Green Component" : 0.12867720425128937
  },
  "Character Encoding" : 4,
  "Ansi 11 Color" : {
    "Red Component" : 0.96566039323806763,
    "Color Space" : "Calibrated",
    "Blue Component" : 0.28143900632858276,
    "Alpha Component" : 1,
    "Green Component" : 0.74346542358398438
  },
  "Use Italic Font" : true,
  "Unlimited Scrollback" : false,
  "Keyboard Map" : {
    "0xf728-0x80000" : {
      "Text" : "d",
      "Action" : 10
    },
    "0xf702-0x280000" : {
      "Text" : "b",
      "Action" : 10
    },
    "0xf70d-0x20000" : {
      "Text" : "[21;2~",
      "Action" : 10
    },
    "0x7f-0x80000" : {
      "Text" : "0x1b 0x7f",
      "Action" : 11
    },
    "0xf708-0x20000" : {
      "Text" : "[15;2~",
      "Action" : 10
    },
    "0x33-0x40000" : {
      "Text" : "0x1b",
      "Action" : 11
    },
    "0xf703-0x260000" : {
      "Text" : "[1;6C",
      "Action" : 10
    },
    "0xf729-0x20000" : {
      "Text" : "[1;2H",
      "Action" : 10
    },
    "0xf702-0x260000" : {
      "Text" : "[1;6D",
      "Action" : 10
    },
    "0x38-0x40000" : {
      "Text" : "0x7f",
      "Action" : 11
    },
    "0xf72b-0x40000" : {
      "Text" : "[1;5F",
      "Action" : 10
    },
    "0xf70c-0x20000" : {
      "Text" : "[20;2~",
      "Action" : 10
    },
    "0xf701-0x260000" : {
      "Text" : "[1;6B",
      "Action" : 10
    },
    "0x32-0x40000" : {
      "Text" : "0x00",
      "Action" : 11
    },
    "0xf707-0x20000" : {
      "Text" : "[1;2S",
      "Action" : 10
    },
    "0xf703-0x240000" : {
      "Text" : "[1;5C",
      "Action" : 10
    },
    "0xf700-0x260000" : {
      "Text" : "[1;6A",
      "Action" : 10
    },
    "0xf702-0x240000" : {
      "Text" : "[1;5D",
      "Action" : 10
    },
    "0xf703-0x300000" : {
      "Text" : "0x5",
      "Action" : 11
    },
    "0x37-0x40000" : {
      "Text" : "0x1f",
      "Action" : 11
    },
    "0x3-0x200000" : {
      "Text" : "0xd",
      "Action" : 11
    },
    "0xf701-0x240000" : {
      "Text" : "[1;5B",
      "Action" : 10
    },
    "0xf702-0x300000" : {
      "Text" : "0x1",
      "Action" : 11
    },
    "0xf703-0x220000" : {
      "Text" : "[1;2C",
      "Action" : 10
    },
    "0xf739-0x0" : {
      "Text" : "",
      "Action" : 13
    },
    "0xf70b-0x20000" : {
      "Text" : "[19;2~",
      "Action" : 10
    },
    "0xf728-0x0" : {
      "Text" : "0x4",
      "Action" : 11
    },
    "0xf706-0x20000" : {
      "Text" : "[1;2R",
      "Action" : 10
    },
    "0xf700-0x240000" : {
      "Text" : "[1;5A",
      "Action" : 10
    },
    "0xf702-0x220000" : {
      "Text" : "[1;2D",
      "Action" : 10
    },
    "0x36-0x40000" : {
      "Text" : "0x1e",
      "Action" : 11
    },
    "0xf70f-0x20000" : {
      "Text" : "[24;2~",
      "Action" : 10
    },
    "0xf701-0x220000" : {
      "Text" : "[1;2B",
      "Action" : 10
    },
    "0xf70a-0x20000" : {
      "Text" : "[18;2~",
      "Action" : 10
    },
    "0xf729-0x40000" : {
      "Text" : "[1;5H",
      "Action" : 10
    },
    "0xf72b-0x20000" : {
      "Text" : "[1;2F",
      "Action" : 10
    },
    "0xf700-0x220000" : {
      "Text" : "[1;2A",
      "Action" : 10
    },
    "0x30-0x200000" : {
      "Text" : "0",
      "Action" : 12
    },
    "0xf705-0x20000" : {
      "Text" : "[1;2Q",
      "Action" : 10
    },
    "0x31-0x200000" : {
      "Text" : "1",
      "Action" : 12
    },
    "0x33-0x200000" : {
      "Text" : "3",
      "Action" : 12
    },
    "0x35-0x40000" : {
      "Text" : "0x1d",
      "Action" : 11
    },
    "0x34-0x200000" : {
      "Text" : "4",
      "Action" : 12
    },
    "0x32-0x200000" : {
      "Text" : "2",
      "Action" : 12
    },
    "0x35-0x200000" : {
      "Text" : "5",
      "Action" : 12
    },
    "0x36-0x200000" : {
      "Text" : "6",
      "Action" : 12
    },
    "0x37-0x200000" : {
      "Text" : "7",
      "Action" : 12
    },
    "0x2d-0x40000" : {
      "Text" : "0x1f",
      "Action" : 11
    },
    "0x38-0x200000" : {
      "Text" : "8",
      "Action" : 12
    },
    "0x2a-0x200000" : {
      "Text" : "*",
      "Action" : 12
    },
    "0x39-0x200000" : {
      "Text" : "9",
      "Action" : 12
    },
    "0x2b-0x200000" : {
      "Text" : "+",